method_1,method_2,frame,cosine_similarity,ssim
none,mul,1,0.7457110285758972,0.16058870222670948
none,mul,2,0.824988603591919,0.10790572917944957
none,mul,3,0.8778712153434753,0.1276179885963467
none,mul,4,0.8919148445129395,0.2065529573806009
none,mul,5,0.9039015173912048,0.2481997176601114
none,mul,6,0.8941635489463806,0.31987247254222406
none,mul,7,0.933030903339386,0.3672916278537432
none,mul,8,0.9033966064453125,0.3772802497983112
none,mul,mean,0.8718722835183144,0.23941368065468704
none,mul,std,0.05568815535825966,0.09937089257412407
none,avg,1,0.79962158203125,0.14399904105453057
none,avg,2,0.8832642436027527,0.22680324799654364
none,avg,3,0.8607264161109924,0.07424280318749017
none,avg,4,0.8463290333747864,0.10594064197120462
none,avg,5,0.8712046146392822,0.16096626127891597
none,avg,6,0.917016327381134,0.26760013581113423
none,avg,7,0.8297043442726135,0.010677095846391878
none,avg,8,0.7107521295547485,0.046567548901760715
none,avg,mean,0.839827336370945,0.1295995970059965
none,avg,std,0.05883012525288986,0.08242035031058814
none,concat,1,0.859377920627594,0.16901075304943006
none,concat,2,0.826323926448822,0.13572937088775974
none,concat,3,0.8754109740257263,0.2128059772682444
none,concat,4,0.8656584024429321,0.1312555192365725
none,concat,5,0.8436053991317749,-0.009335399319639288
none,concat,6,0.8713716864585876,0.2020461033349533
none,concat,7,0.9237942695617676,0.24290843518216085
none,concat,8,0.8986245393753052,0.1396624504706707
none,concat,mean,0.8705208897590637,0.15301040126376902
none,concat,std,0.028456391290080898,0.07213174960384532
none,late_fusion,1,0.820953905582428,0.10019713954601855
none,late_fusion,2,0.8004552125930786,0.14492657442509216
none,late_fusion,3,0.8625875115394592,0.17829797024644098
none,late_fusion,4,0.8470996618270874,0.10670120572548959
none,late_fusion,5,0.8517754077911377,0.14059799220573033
none,late_fusion,6,0.8763560652732849,0.2507846066201704
none,late_fusion,7,0.8710684180259705,0.14401724134058516
none,late_fusion,8,0.8648238182067871,0.07439617961398787
none,late_fusion,mean,0.8493900001049042,0.14248986371543937
none,late_fusion,std,0.024555193552658262,0.050901957018295856
none,add,1,0.9103725552558899,0.4909058614289171
none,add,2,0.8442320823669434,0.09216472889125048
none,add,3,0.8806725144386292,0.1692069883045567
none,add,4,0.8769423961639404,0.19445919728493938
none,add,5,0.8582500219345093,0.18196577444805662
none,add,6,0.8607233166694641,0.32623718271501556
none,add,7,0.8905715942382812,0.369099054173754
none,add,8,0.9561765193939209,0.34845316362935524
none,add,mean,0.8847426250576973,0.27156149385948064
none,add,std,0.033149227177546745,0.12407612998211108
mul,avg,1,0.8215827941894531,0.17281820217856692
mul,avg,2,0.9005069136619568,0.3275232072942514
mul,avg,3,0.8869348168373108,0.2217973851906692
mul,avg,4,0.8957737684249878,0.22839364532724293
mul,avg,5,0.9108959436416626,0.3906672915199085
mul,avg,6,0.925347626209259,0.4097421926721181
mul,avg,7,0.8000678420066833,0.04942049362229408
mul,avg,8,0.7131001353263855,-0.016972867136334727
mul,avg,mean,0.8567762300372124,0.22292369383358954
mul,avg,std,0.06807251667627137,0.14325484022036095
mul,concat,1,0.7356767654418945,0.11848272218146391
mul,concat,2,0.7642706632614136,0.027108326411400922
mul,concat,3,0.9021816253662109,0.04398686037767526
mul,concat,4,0.944451093673706,0.18569955316892253
mul,concat,5,0.9227831959724426,0.21643231584367328
mul,concat,6,0.878657341003418,0.2765072284983835
mul,concat,7,0.9179137349128723,0.2600897722090587
mul,concat,8,0.9372556209564209,0.30030647258830767
mul,concat,mean,0.8753987550735474,0.17857665640986076
mul,concat,std,0.07520549661830876,0.09823763845433736
mul,late_fusion,1,0.7453911304473877,0.04822134408981174
mul,late_fusion,2,0.7754232287406921,-0.035097423891948934
mul,late_fusion,3,0.8887641429901123,0.0026132081939475877
mul,late_fusion,4,0.9383633732795715,0.14912873347820957
mul,late_fusion,5,0.9229139089584351,0.13976690895865418
mul,late_fusion,6,0.8685957193374634,0.121184384074718
mul,late_fusion,7,0.899202823638916,0.2561420842065499
mul,late_fusion,8,0.923112154006958,0.26860265217744245
mul,late_fusion,mean,0.870220810174942,0.11882023641092306
mul,late_fusion,std,0.06705683170029092,0.1029769042015215
mul,add,1,0.7877241969108582,0.16483559611867515
mul,add,2,0.9303233623504639,0.3551430771759333
mul,add,3,0.9504244327545166,0.4507632488403618
mul,add,4,0.965429961681366,0.4381236006440639
mul,add,5,0.9509171843528748,0.4306386835249255
mul,add,6,0.9287537336349487,0.2905453230663676
mul,add,7,0.9097244739532471,0.21066884907407227
mul,add,8,0.9036514759063721,0.27338442024001053
mul,add,mean,0.9158686026930809,0.32676284983555126
mul,add,std,0.052275473080928024,0.10200009828610501
avg,concat,1,0.8364228010177612,-0.037776511785178775
avg,concat,2,0.7726326584815979,0.03347916828275687
avg,concat,3,0.8259456753730774,-0.07324561403770481
avg,concat,4,0.8462638854980469,-0.11093063533145231
avg,concat,5,0.8789782524108887,0.0844074151527019
avg,concat,6,0.9143729209899902,0.24541764958999412
avg,concat,7,0.8084016442298889,-0.06113474271780089
avg,concat,8,0.7955780625343323,0.00021165063748380958
avg,concat,mean,0.8348244875669479,0.01005354747384999
avg,concat,std,0.04271420735492787,0.10636128928920234
avg,late_fusion,1,0.8137528300285339,-0.07031739681196109
avg,late_fusion,2,0.7944868803024292,0.07601115472027363
avg,late_fusion,3,0.8441574573516846,-0.031784596098893066
avg,late_fusion,4,0.8408553004264832,-0.12238058838063513
avg,late_fusion,5,0.874139666557312,0.06852580557381277
avg,late_fusion,6,0.902698814868927,0.18110198377587633
avg,late_fusion,7,0.8344653248786926,-0.010299405668779871
avg,late_fusion,8,0.7899367809295654,0.02839948583105961
avg,late_fusion,mean,0.8368116319179535,0.014907055367594145
avg,late_fusion,std,0.03593512419861542,0.08897897336570355
avg,add,1,0.8393765687942505,0.05989954834362371
avg,add,2,0.868128776550293,-0.031710022727234416
avg,add,3,0.8579609990119934,-0.01805446339956447
avg,add,4,0.8769301176071167,0.12944443065068145
avg,add,5,0.8756802082061768,0.3558459997953376
avg,add,6,0.8819765448570251,0.3432528555368258
avg,add,7,0.7731316089630127,-0.07023516728724756
avg,add,8,0.6220012903213501,-0.17350174186595058
avg,add,mean,0.8243982642889023,0.07436767988080893
avg,add,std,0.08333716252989949,0.17920505809698017
concat,late_fusion,1,0.9244869351387024,0.3020461778093549
concat,late_fusion,2,0.8981472253799438,0.48744497910242623
concat,late_fusion,3,0.9516810774803162,0.5331495253620517
concat,late_fusion,4,0.9672443866729736,0.5183122567959073
concat,late_fusion,5,0.9450413584709167,0.514721898307579
concat,late_fusion,6,0.8956260681152344,0.3324419025415294
concat,late_fusion,7,0.8861247301101685,0.21535728260667952
concat,late_fusion,8,0.9302264451980591,0.3208595848772208
concat,late_fusion,mean,0.9248222783207893,0.40304170092534364
concat,late_fusion,std,0.02743318342677778,0.1156370913590255
concat,add,1,0.8707646131515503,0.3959202014809096
concat,add,2,0.7556214928627014,-0.1128712032067309
concat,add,3,0.88796067237854,0.07484730662258103
concat,add,4,0.9249781966209412,0.1827839297878245
concat,add,5,0.8713314533233643,0.21851409393444512
concat,add,6,0.8334824442863464,0.16636898937980774
concat,add,7,0.8923615217208862,0.2655227010318819
concat,add,8,0.8927155137062073,0.19255471438782187
concat,add,mean,0.8661519885063171,0.17295509167731762
concat,add,std,0.04829737920481197,0.13793284667093053
late_fusion,add,1,0.8728974461555481,0.20286743722463002
late_fusion,add,2,0.789048969745636,-0.0020737618380958886
late_fusion,add,3,0.8657643795013428,0.07882957088566205
late_fusion,add,4,0.9145509600639343,0.11269788269914743
late_fusion,add,5,0.8867419362068176,0.23404198964365333
late_fusion,add,6,0.8150621056556702,0.15036290166555194
late_fusion,add,7,0.8331719636917114,0.11395171078245027
late_fusion,add,8,0.8635281324386597,0.10078177201596916
late_fusion,add,mean,0.855095736682415,0.12393243788487104
late_fusion,add,std,0.037887581223556864,0.0686722572978071
